1,0,0,0,0,0,0,0,0
2,2,0,-1,-9,-4,0,-1,0
3,0,-1,-2,-2,-6,-1,-1,-2
4,0,7,5,-2,-2,-1,0,-1
5,-2,-5,-4,0,-2,-2,-3,0
6,1,7,3,-1,3,2,0,-1
7,-1,2,-3,0,-1,-2,0,1
8,5,5,7,-8,-5,-2,-1,-2
9,1,1,5,0,-2,-2,1,0
10,-2,-1,1,0,0,-1,0,0
11,-1,-1,2,-1,0,0,-2,0
12,-2,-4,-2,1,-2,1,-1,-1
13,2,-2,-2,-1,0,0,2,-1
14,-2,-3,-4,1,3,0,0,-1
15,-1,1,1,-4,-3,-2,-1,0
16,6,7,4,10,-3,-3,1,2
17,-4,3,3,-5,0,1,0,-3
18,-6,-8,-8,1,-4,-2,-3,-2
19,2,-2,1,6,-3,-3,-5,-8
20,-4,-1,-24,-14,-1,0,2,-2
21,-4,-4,4,2,1,-2,-4,-1
22,0,0,6,3,-1,0,2,0
23,-3,-3,-1,-4,-3,-1,0,-1
24,1,6,6,4,-4,-3,-6,-2
25,-3,0,-7,-14,-6,-1,-3,-2
26,0,-2,12,21,9,3,-2,2
27,4,0,-10,-15,-4,0,17,4
28,2,5,3,-10,-2,0,-9,0
29,2,2,2,-3,-3,-2,-3,2
30,2,-3,-5,11,3,-2,-2,0
31,-9,-5,-7,7,0,-9,-31,-16
32,7,6,12,10,-2,5,26,7
33,-7,-1,-4,-24,-12,-4,-20,-14
34,-4,4,16,9,-3,0,20,5
35,17,3,12,-17,-1,-3,13,7
36,-14,7,9,2,3,2,4,4
37,-6,0,10,-14,-9,0,5,8
38,1,1,0,7,-1,-6,-27,-8
39,2,6,-10,-11,-4,2,2,1
40,-9,-4,3,5,-8,-9,-15,-16
41,15,-4,-4,-6,5,10,-20,5
42,3,-1,-4,-10,-3,-12,-32,-13
43,37,48,-11,-10,1,7,0,17
44,-2,8,4,-10,3,12,4,18
45,-13,-1,-11,-18,-17,-25,-80,-30
46,12,-9,2,24,3,4,32,17
47,-54,-45,-29,-12,-13,-4,25,-10
48,22,8,43,63,32,6,-9,3
49,12,2,-21,-15,-7,1,-3,0
50,-20,41,-15,-35,-15,-5,5,-10
51,-1,-24,2,6,0,-15,-42,-28
52,12,-20,11,24,7,-10,-32,-13
53,-7,-18,-21,16,11,-5,-53,-27
54,-35,-27,-6,-1,-4,8,32,19
55,-4,2,-11,-6,-19,-18,-6,-16
56,10,11,-28,12,4,5,3,0
57,-6,-12,-39,4,-12,0,4,4
58,-20,-9,-4,-10,-21,-25,-47,-37
59,-21,4,-66,-17,24,11,-17,-19
60,-28,-8,-35,10,12,13,26,18
61,-16,-19,3,-33,-13,-1,16,-11
62,58,9,-1,-4,-3,0,21,24
63,-42,-19,-22,-20,-5,-16,-60,-42
64,-3,-3,59,14,-3,-1,30,17
65,39,12,7,4,18,10,-23,-7
66,-37,-14,-49,24,0,-26,-33,-37
67,6,-15,8,-7,6,10,6,12
68,10,15,-80,14,18,17,51,20
69,-34,0,19,37,1,-29,-89,-43
70,-38,-70,20,29,-15,-14,-34,-26
71,1,13,69,6,-15,2,25,0
72,-35,7,-23,-21,7,2,-13,5
73,28,-4,-18,8,19,2,35,29
74,26,41,109,-43,-30,-11,11,-3
75,-10,8,-22,-31,-18,-19,-17,-8
76,12,7,6,10,1,-1,-20,-11
77,38,40,19,-17,-5,1,8,10
78,-70,-3,2,56,25,31,38,22
79,27,39,36,-42,-14,-3,7,6
80,-34,-36,-44,-5,17,4,16,-3
81,-9,19,42,-23,-44,-21,-17,-22
82,32,24,-23,39,17,-2,11,-7
83,-24,-1,13,-24,-28,-44,-82,-23
84,-12,-1,-15,-12,-2,-21,-51,-30
85,17,-28,-82,53,45,5,-7,-8
86,30,-11,-51,-78,-39,-11,6,-2
87,6,28,-36,73,22,2,14,-21
88,18,-9,-5,-12,-35,-30,-34,5
89,-61,-25,-12,-28,-5,-25,-60,-53
90,27,43,115,60,-17,5,57,13
91,47,-12,-12,27,21,20,55,37
92,-51,-25,127,1,-9,19,82,35
93,12,9,16,48,24,15,-13,14
94,89,0,-34,-29,-10,-40,-55,-21
95,-17,27,70,9,-16,-21,-25,-7
96,-22,34,55,-17,-26,-15,-64,-62
97,-63,10,40,-15,-18,-10,-14,-9
98,32,-8,-107,-11,15,-3,14,3
99,-30,17,37,-21,6,20,46,2
100,74,10,82,-1,-13,36,99,60
101,-44,19,74,-22,12,16,22,12
102,-60,-19,-77,33,-22,-18,-36,-21
103,39,0,-64,10,56,25,48,33
104,-2,19,126,17,-21,5,-11,13
105,-30,-25,-16,-6,-33,-54,-80,-54
106,1,4,26,-19,-11,12,29,48
107,61,-12,-14,49,31,12,46,23
108,8,-40,-127,-5,35,20,31,21
109,44,19,86,11,-49,-17,-15,-8
110,76,6,-62,-51,-30,-42,-77,-69
111,50,-3,9,-24,3,68,127,94
112,-40,-28,-1,-36,-27,-24,-45,-39
113,24,20,42,33,18,30,29,31
114,51,17,45,-55,-36,-8,-7,14
115,-26,-36,-22,6,25,41,82,21
116,-13,2,-24,-25,-25,-44,-82,-34
117,-30,4,-13,9,-5,-1,44,20
118,-2,-8,51,-39,-10,2,-13,-18
119,37,25,-5,81,42,28,74,55
120,67,-18,-30,-78,-4,3,-6,4
121,-29,-4,42,32,32,16,3,10
122,8,-15,-38,45,29,-1,-10,-5
123,12,1,-19,-43,-1,-2,-7,6
124,-6,5,56,57,7,6,-2,-12
125,42,6,-7,-37,-27,-4,33,18
126,-39,9,-21,13,2,-1,-11,2
127,12,12,-1,17,17,0,-43,-2
128,5,1,-1,7,-20,-19,-17,6
129,12,-16,-29,24,23,13,21,-4
130,40,9,42,-60,-19,-5,-16,1
131,2,-7,-20,-9,-4,-7,5,4
132,32,-14,-20,-3,-15,-34,-98,-58
133,9,5,-21,18,15,3,32,13
134,-4,1,-31,0,-3,6,-6,-6
135,-31,-1,-7,0,-2,4,6,-3
136,9,-7,-5,-10,-9,2,4,14
137,14,4,-9,9,4,3,11,8
138,5,0,0,3,-1,-26,-47,-9
139,-21,1,3,-4,-3,1,9,5
140,19,0,-36,-34,-21,3,-6,-15
141,29,0,11,32,28,9,22,12
142,-22,2,19,32,19,6,6,2
143,2,1,-1,21,19,8,7,1
144,1,0,6,-8,-10,-9,-8,4
145,7,2,4,-26,-17,-3,15,6
146,15,-9,-20,-22,-15,-11,-17,2
147,-18,-9,0,0,1,14,5,-4
148,19,1,3,-4,-8,-1,-9,-5
149,1,7,0,2,-1,-17,9,2
150,-8,10,3,-2,-2,-4,-14,-4
151,-4,-2,-15,-9,-6,11,35,11
152,-34,-2,9,6,1,-21,-18,-9
153,41,12,2,9,6,22,17,2
154,-16,-6,-13,-28,-9,-29,-26,-3
155,-38,-4,-22,-16,-16,-12,-32,-22
156,13,10,31,20,22,16,10,2
157,0,-2,36,30,4,4,-2,5
158,13,6,-16,27,1,1,10,9
159,-2,-4,-24,-22,13,15,18,2
160,10,-7,-4,20,9,3,0,-2
161,-6,-7,0,-14,-1,-4,-3,3
162,-2,-5,5,-16,-8,8,9,-1
163,-3,0,10,7,-5,-11,-9,-3
164,-1,4,-4,-2,-7,-3,-2,1
165,-12,-2,-13,-16,-4,0,1,-4
166,-21,-2,7,5,1,0,12,-2
167,-6,-2,14,31,9,-5,1,-1
168,2,3,1,16,3,-6,-2,1
169,-1,-2,-5,2,0,6,-1,1
170,-3,0,2,-6,-4,-3,-3,-3
171,3,0,2,-5,-2,-3,-3,2
172,1,-2,-6,-13,-3,-1,-1,1
173,0,0,1,9,4,0,0,-1
174,0,-1,4,8,7,0,-2,-2
175,1,1,2,-3,0,1,0,0
176,-5,-7,-4,2,1,-3,-1,-2
177,-2,1,-3,-5,-1,-3,-4,-3
178,-2,-2,-7,-7,-7,-3,0,0
179,-2,-3,0,-8,-5,0,-1,-2
180,-3,-2,1,13,6,1,0,0
181,1,-1,0,-4,-2,-2,-1,1
182,-1,0,0,4,0,5,-1,0
183,1,3,-5,-8,-4,-3,-1,-1
184,3,4,-3,-10,-6,1,0,-1
185,-1,3,1,5,1,6,4,1
186,0,-2,-7,-3,-3,-11,-6,-2
187,1,4,17,1,2,-3,-1,1
188,-1,-2,-8,-3,-3,-1,-2,-3
189,-4,-9,-14,-2,2,-2,-3,0
190,-4,3,5,-3,-3,1,2,-3
191,-3,-1,1,0,-3,1,0,0
192,-1,10,8,0,1,-3,-1,1
193,4,4,-3,3,0,0,-2,1
194,1,1,5,4,0,-2,0,0
195,-3,-5,-5,-4,-1,0,1,-2
196,-3,3,-11,4,-1,2,2,-2
197,-7,-1,21,6,-1,-1,-2,-3
198,2,0,-23,-3,2,2,3,1
199,2,6,6,1,0,3,1,1
200,0,6,3,1,4,-1,-1,-1
201,3,-3,0,-5,-3,-3,-8,-2
202,-2,-9,-14,0,-4,-1,-2,1
203,0,-8,-26,-8,-5,-2,-1,-1
204,-12,-8,-3,-2,1,-1,-1,-5
205,-1,5,2,-1,-2,-3,-2,1
206,5,11,6,-4,-4,-2,-3,2
207,-1,5,10,-1,-4,-1,-4,-3
208,0,2,-27,-3,1,0,-1,0
209,-2,-10,3,-2,1,-1,0,-1
210,0,-3,4,-1,-2,-1,-1,-3
211,-2,0,-12,-3,-1,-2,-1,0
212,4,-3,19,3,0,2,2,1
213,0,1,-9,-2,-2,-2,2,-2
214,-2,-3,-17,-5,-4,-3,-3,-3
215,1,2,-7,9,7,3,2,1
216,-2,-4,22,7,4,0,0,-1
217,5,7,2,-10,-7,-3,-1,-2
218,-1,8,21,4,1,0,0,2
219,-3,2,15,1,-1,-1,-1,-1
220,0,1,10,-1,-1,-1,1,1
221,-5,5,-10,8,2,-1,1,0
222,-5,-20,-19,-10,-4,-4,-7,-5
223,-1,13,2,-4,-1,1,-1,-1
224,-2,2,5,0,1,0,0,-2
225,1,0,6,1,1,1,2,1
226,-4,11,20,5,2,0,2,0
227,2,0,3,-7,-5,-4,-3,-3
228,-7,-15,-10,-8,-4,-2,-1,-3
229,-2,-7,-25,2,4,0,-2,-1
230,0,-1,13,-9,-4,-4,-3,-2
231,2,-8,-29,-6,0,0,-1,-2
232,8,5,-19,5,3,1,3,3
233,-11,-15,40,-14,-7,-6,-4,-8
234,-10,-6,-1,0,-2,-2,-2,-2
235,0,-2,5,-7,-5,-4,-1,-3
236,9,2,-12,-1,1,2,3,1
237,-1,0,0,-1,-4,-3,-3,0
238,2,-5,-12,-2,0,0,0,-1
239,9,-2,2,-6,-3,0,2,0
240,-9,-1,12,10,4,3,-2,-3
241,4,5,1,-3,2,-1,3,2
242,-4,-8,-4,-9,-4,-1,-2,-2
243,-2,-24,10,1,2,1,-1,-1
244,-2,0,-40,7,3,1,0,2
245,2,-10,47,3,-3,-1,-1,1
246,4,22,22,3,0,2,0,-1
247,-16,-26,-26,-4,-5,-3,1,-3
248,12,-2,-12,-1,1,0,2,3
249,-7,-4,5,1,-1,-3,-19,-8
250,7,11,29,5,-3,1,-4,1
251,17,-19,-9,7,5,2,1,-3
252,-2,33,27,0,-3,0,8,-4
253,-36,-75,-58,-1,1,-1,-3,-11
254,-6,3,34,0,1,-1,0,0
255,0,3,28,-4,-7,-3,-6,-1
256,0,-8,-34,1,0,-4,-4,2
257,-1,14,19,2,0,0,-8,-1
258,7,7,-12,-1,-4,1,11,2
259,0,6,16,-6,-2,1,1,5
260,7,7,11,10,6,3,9,1
261,4,17,-27,2,5,-1,-9,-2
262,-7,-36,-31,-23,-8,-10,-18,-11
263,-9,18,10,2,0,-2,-11,-1
264,-4,1,16,3,-2,-6,-8,-8
265,3,8,-13,-9,-1,-1,-4,0
266,-8,-8,10,8,2,5,7,4
267,10,19,47,4,1,3,9,2
268,-3,-36,-80,-20,-9,-4,-3,-4
269,-3,-13,4,0,-6,-1,4,-2
270,-2,-10,-30,-6,5,3,4,3
271,-3,-17,-19,-11,-1,1,3,-3
272,0,15,29,13,5,0,-1,0
273,6,19,55,6,3,0,-3,2
274,-5,24,-12,2,3,0,2,-1
275,-4,-36,-33,-11,-7,-6,-9,-2
276,6,-14,48,5,-2,-2,3,2
277,-17,-21,-100,-28,-7,-6,-8,-13
278,8,41,58,18,1,-4,-7,2
279,3,3,15,-2,-5,-2,8,1
280,-7,-39,-21,2,-1,1,-1,-2
281,-9,-11,1,-23,-5,0,0,-3
282,-2,5,-18,-1,-3,-3,-3,-2
283,2,12,21,15,0,1,4,4
284,-2,-1,-14,1,-1,-2,-7,-3
285,9,7,17,-2,2,0,2,4
286,-2,1,21,5,5,4,3,1
287,-1,-16,-37,-12,-3,-3,-3,-3
288,5,-11,11,-7,0,1,7,4
289,-9,-7,-14,4,-1,-3,-11,-5
290,7,2,35,5,2,-1,-18,-9
291,-1,-6,4,7,5,4,6,0
292,2,12,5,-13,-9,-2,6,4
293,3,-20,-1,0,-3,4,11,3
294,8,3,-25,5,5,8,23,11
295,-12,-3,-22,-6,3,0,0,-6
296,2,5,16,-8,-11,-6,-29,-6
297,-4,12,-1,-3,2,-4,-16,-6
298,-4,-38,1,5,2,8,63,10
299,2,35,14,11,5,-2,3,7
300,19,4,16,2,2,14,73,22
301,-14,-4,19,-34,-17,-7,-1,-3
302,-7,-14,52,43,15,2,-45,-11
303,-19,1,-29,-17,-7,-9,-83,-19
304,13,19,-29,8,5,-1,14,-2
305,46,-5,-15,-8,-10,19,53,51
306,-6,-23,-16,-12,-11,-17,-1,-18
307,16,8,46,17,12,1,8,22
308,17,42,-3,-26,-14,-24,-71,-12
309,-8,-19,-7,-1,-8,-17,-57,-38
310,10,20,73,46,28,32,63,32
311,-28,10,47,-24,-9,3,42,9
312,15,28,66,-30,-22,-20,-97,-28
313,17,-33,-100,-15,27,3,6,5
314,-1,10,57,59,-6,-10,-57,-24
315,-45,-10,-19,-13,-12,-19,-24,-48
316,16,14,1,15,-6,-3,21,23
317,-8,-18,-22,2,-9,-18,-37,-8
318,17,-2,8,-27,-7,13,47,28
319,75,21,-21,-39,-36,-2,38,12
320,8,16,100,52,32,18,-24,21
321,-6,3,-56,3,9,14,59,1
322,-22,-21,-52,-26,13,13,-18,-3
323,-7,-8,94,-128,-45,-23,-17,-16
324,-18,16,-102,53,15,-25,-27,-15
325,-5,-48,-7,25,-7,-6,-30,-30
326,-10,-7,41,-71,-27,-7,60,19
327,-55,-37,-38,41,0,8,33,-5
328,13,24,34,-10,7,-9,7,15
329,39,52,30,66,-9,-1,-30,4
330,31,20,16,-34,-33,0,17,15
331,-11,17,19,-74,-11,20,67,6
332,17,-8,-16,98,47,19,21,9
333,-12,-9,-23,15,-8,-5,-8,16
334,-30,-38,-91,16,-10,-48,-79,-79
335,-40,114,16,-49,-19,-1,56,23
336,-23,115,-50,18,22,6,-28,-18
337,64,-35,74,-36,-53,6,11,22
338,-49,-44,-102,20,37,11,-27,-59
339,37,-2,93,-7,-42,-27,-105,-41
340,-26,-35,31,-22,2,-5,-11,11
341,24,-15,-21,34,-3,2,38,11
342,-8,-10,51,53,11,-9,-7,18
343,-22,-8,-34,61,17,-7,-1,-7
344,0,-2,66,-62,-9,16,58,30
345,54,-5,-9,12,0,-11,-61,8
346,-44,-9,-67,-23,1,9,5,-43
347,43,-6,31,71,36,23,6,44
348,38,9,-106,-41,30,17,17,10
349,-22,-1,-16,26,22,4,-4,-28
350,-38,-2,25,79,-7,-10,51,17
351,6,-3,26,8,-16,7,30,35
352,60,0,127,-36,-27,40,81,57
353,-21,0,-128,31,54,6,-6,-41
354,-33,0,41,9,-29,-79,-82,-79
355,57,-5,14,-14,-12,3,74,35
356,-105,-1,8,30,-8,-28,-37,-61
357,26,-3,3,-32,-13,-1,-19,11
358,-74,2,8,-31,-39,-2,-57,-10
359,3,-1,-48,8,10,-8,-41,-9
360,20,1,-11,-11,-5,7,18,18
361,8,2,-15,-60,12,46,90,24
362,36,1,81,17,13,12,-8,8
363,-6,0,-28,2,-14,-47,-80,-63
364,-9,-1,7,-47,-14,-20,37,-31
365,3,-4,-34,-7,0,15,50,-9
366,-49,1,86,2,-11,-8,-68,-46
367,-52,-1,-9,-65,-35,0,58,-25
368,2,-2,-27,1,1,-1,17,-40
369,10,0,4,86,70,33,28,31
370,-6,5,26,-12,-19,-3,24,2
371,-19,-7,22,25,-16,-55,-74,-33
372,18,-1,-35,-94,-15,-13,-48,1
373,-54,1,-75,94,61,4,-18,-20
374,-1,0,37,-56,-27,12,64,40
375,39,-5,12,-28,-22,12,52,25
376,59,-1,27,-19,-13,24,119,86
377,41,-1,16,9,-11,-13,-20,-8
378,11,-3,-71,-19,15,12,-12,3
379,-16,1,79,36,-12,-9,-25,-22
380,-3,-4,-39,-27,-22,-4,-9,-4
381,15,-5,19,-20,-7,3,10,16
382,-47,-19,6,-1,3,24,31,-12
383,10,15,3,-6,-18,-18,-34,-8
384,17,10,40,13,8,14,35,23
385,12,0,49,1,-12,2,-9,-5
386,-18,-5,-19,-28,-9,-13,-9,-6
387,9,101,4,-4,-3,-4,-11,4
388,6,127,-20,7,12,19,82,37
389,-86,-14,-4,-3,-12,-52,-102,-42
390,-8,-30,0,3,0,-7,-41,-13
391,17,-82,-16,-17,1,19,30,2
392,17,-18,20,46,15,4,1,6
393,1,-28,6,-15,-7,-2,-7,-4
394,-1,-50,39,-6,-1,1,14,1
395,8,26,5,-3,5,-2,2,6
396,16,37,2,-1,-7,-10,7,5
397,-24,9,-28,-13,-7,-3,-9,-6
398,2,-6,-6,-7,-2,1,4,5
399,6,-5,-9,-9,-6,0,-1,-1
400,2,25,19,2,0,-4,-7,5
401,-3,3,4,0,-4,-14,0,-7
402,-1,-4,-8,5,4,14,12,3
403,-7,-14,-20,-3,0,-5,0,-5
404,2,-2,-10,6,3,-10,1,1
405,0,12,9,1,1,-4,-3,-2
406,-3,0,3,-2,0,6,-1,-4
407,-3,-3,3,-12,-3,0,2,-2
408,1,0,2,-1,1,-4,-2,0
409,1,7,6,-3,1,0,-3,-2
410,-1,-7,-14,2,2,13,-1,-1
411,-4,-4,2,2,0,0,-1,-2
412,1,-2,-7,3,-2,-1,-1,-2
413,-1,-5,2,-5,-2,2,-2,-3
414,-1,2,-17,-8,-4,-1,0,-1
415,-4,6,9,-11,-6,-5,-3,-2
416,-2,-5,6,-3,-1,-3,0,0
417,1,3,2,-1,1,-1,-1,-1
418,0,-1,-3,-1,-2,5,-2,-1
419,1,-1,3,0,-3,-8,4,1
420,0,0,-5,3,1,-1,1,0
421,-1,6,10,3,5,2,-1,1
422,-1,17,18,-4,-1,0,-3,-4
423,1,-3,-8,0,-4,-2,-2,-2
424,0,-5,4,-2,-3,-2,-1,-1
425,-8,-14,-12,-4,-1,-1,-1,-3
426,2,1,-2,-1,-1,-2,0,1
427,1,-7,-11,0,-2,2,0,-1
428,0,-4,-5,4,-1,-3,0,1
429,-6,-26,-40,-13,-8,-1,-3,-5
430,2,-7,-4,10,-1,0,-2,0
431,3,13,13,8,8,2,3,3
432,3,3,4,-8,-4,-2,0,1
433,1,-5,-5,-1,2,1,-2,2
434,2,9,0,-6,-2,-1,-1,2
435,-8,-10,-9,-1,-3,-2,2,-2
436,0,-2,-1,-2,0,1,-4,-2
437,-3,-9,-11,-2,-1,-2,-2,-3
438,0,5,0,4,1,-2,-2,-1
439,-1,-5,-10,-7,-1,-1,1,-1
440,-9,-13,2,-2,-3,-4,-1,-2
441,2,11,9,7,-3,-1,-1,0
442,-4,3,1,-4,-2,-2,0,-3
443,1,5,0,-1,0,0,-1,-1
444,0,2,-5,-1,0,0,0,-1
445,1,-3,-13,-3,-2,-2,0,1
446,-5,1,-4,2,-2,-1,1,-1
447,3,16,22,10,6,2,0,1
448,-10,-17,-2,-5,-6,-5,-3,-4
449,2,6,5,-2,-2,1,2,0
450,-4,-7,-9,-2,-3,-2,-2,-2
451,4,1,0,-2,0,1,0,1
452,1,-1,1,4,2,0,1,1
453,-4,2,4,0,0,0,0,-2
454,1,-5,-4,2,1,-1,1,0
455,-1,-21,-43,-12,-3,-4,-2,0
456,0,6,12,5,2,1,-1,0
457,-1,-3,-4,-1,3,1,0,0
458,1,-4,1,1,3,0,1,-2
459,5,10,3,-3,-2,0,-1,-2
460,-1,-4,-2,-3,-5,0,-2,-2
461,-2,2,5,-3,-2,-2,0,-2
462,4,2,-6,3,-3,-3,-2,0
463,-4,-14,-3,-3,-2,-1,-1,-2
464,0,0,1,5,1,0,-1,0
465,6,4,2,0,0,-2,-3,2
466,-4,3,-3,1,1,0,-1,-2
467,2,-4,0,0,3,1,0,-1
468,-2,7,7,-1,0,-1,0,-1
469,-5,1,3,2,-1,0,1,-2
470,0,-5,-8,-3,-2,1,-1,0
471,-2,-3,-1,-1,-1,-1,0,-2
472,0,4,2,4,-1,0,-1,0
473,2,3,6,3,0,-2,0,1
474,0,-3,-20,-8,-4,4,-1,0
475,-1,-2,14,0,3,-4,-3,-1
476,-4,0,5,14,5,-1,-2,-2
477,-3,-2,7,11,4,0,1,-1
478,2,0,-2,-5,-4,-4,-2,1
479,-1,-2,-9,-6,-2,0,-1,0
480,1,3,-9,-8,-5,-3,-3,0
481,-2,-5,-8,-6,-1,0,-1,0
482,-2,3,14,4,0,-2,-1,-2
483,1,2,-3,2,0,4,0,-3
484,0,-14,5,-3,-3,-3,-3,-3
485,1,12,-4,-2,-3,-1,0,0
486,-4,-11,0,-12,-6,-5,-2,-1
487,1,-4,-4,3,-2,-3,-2,1
488,3,7,-3,-2,-2,-1,-1,0
489,7,-5,-3,-3,0,1,0,2
490,-4,1,-1,3,1,-1,0,-3
491,-3,2,3,-3,0,-2,0,-1
492,-1,-8,-10,-7,-4,-1,-2,-1
493,-2,-1,-3,1,0,0,-2,-1
494,1,2,4,4,2,1,0,0
495,3,-2,12,3,0,0,1,1
496,2,-1,-18,6,4,2,0,0
497,-5,-1,7,-2,-3,-1,-1,-2
498,-2,-3,-2,-3,-3,0,-2,-1
499,-2,2,-11,-13,-9,-3,-1,0
500,2,-4,5,3,4,-1,-1,0
501,1,4,9,-1,-1,0,-1,-2
502,-5,-6,-7,7,5,2,2,-1
503,-1,3,-3,-1,0,-2,-2,-2
504,0,3,14,-3,-2,-2,1,0
505,0,-6,-9,-3,-2,-1,-1,1
506,4,2,3,-5,-3,0,0,-2
507,2,-2,-7,8,0,1,3,3
508,1,7,12,-6,-2,-1,2,2
509,-3,-8,-7,1,0,-4,-7,-1
510,-3,-2,1,1,1,0,5,-4
511,-2,-8,-14,-8,-2,-4,-20,-7
512,1,6,18,5,-1,-2,-1,-2
513,0,-5,1,-19,-7,-4,1,1
514,4,10,-16,-3,-1,0,0,3
515,2,4,9,3,1,1,11,6
516,-9,-2,0,-4,0,-8,-19,-12
517,0,11,21,5,-5,3,0,0
518,3,2,18,-2,0,-2,-11,-1
519,-4,-23,-17,4,1,0,-4,0
520,-3,-8,-11,-8,-3,-4,-10,-11
521,2,-3,1,-14,-4,5,36,9
522,1,10,-5,-16,-2,-1,-9,-4
523,2,4,12,-8,-3,3,7,6
524,1,8,0,-23,-13,1,-2,-2
525,-4,-22,-13,36,17,1,-13,-5
526,-2,10,11,-14,-11,-10,-17,-6
527,-15,-8,6,3,-5,-12,-21,-18
528,4,-8,8,-11,-8,0,11,6
529,3,0,-1,3,-9,-4,9,-2
530,5,1,-33,-2,0,7,13,8
531,-3,-6,-7,1,2,1,7,7
532,-2,-7,-14,-27,-9,-7,-20,-5
533,-5,-2,-11,-8,-7,-3,-6,-6
534,-8,-9,4,13,-4,-12,-46,-10
535,-5,-2,-24,-27,-8,-3,10,-5
536,-1,4,7,7,3,-4,-10,0
537,11,11,16,-22,-6,0,26,8
538,0,-3,-16,25,8,7,10,4
539,4,-11,-7,-12,-2,-6,-21,-7
540,-10,13,6,3,-4,0,-3,-10
541,7,13,-32,9,14,3,-21,-2
542,-4,-2,-6,-12,-3,1,-8,-3
543,1,-26,-15,3,1,-2,9,-5
544,-7,-4,-2,-17,-7,-5,-10,-2
545,19,31,28,17,-3,4,17,10
546,-24,-80,-16,2,26,7,-9,-9
547,10,40,28,2,-7,-12,-27,-5
548,16,7,-15,-7,1,2,5,7
549,-2,3,2,-26,-13,4,9,15
550,8,-6,-7,-9,-4,-4,47,23
551,-4,16,-15,-20,-4,0,-48,-5
552,7,-2,-33,38,8,7,9,11
553,-1,28,-33,-2,-21,-3,22,-7
554,-32,-26,13,-23,-21,-15,-46,-35
555,-48,2,28,-22,-14,-22,-76,-54
556,-13,-25,-18,33,26,3,-5,-2
557,0,13,-21,2,17,4,17,16
558,25,9,13,11,4,11,29,29
559,-5,7,104,9,-27,-4,-7,-6
560,58,-41,-18,-49,-18,-13,-30,-2
561,-25,-1,13,-3,7,5,50,-3
562,29,-22,5,35,17,2,35,24
563,8,-55,-111,3,44,-3,-61,-5
564,-37,-56,-71,31,29,3,13,-23
565,11,-29,35,-1,-16,0,10,0
566,-21,22,-34,7,-7,-15,-33,-19
567,-32,-15,1,5,0,0,-9,-9
568,-34,9,49,-45,-28,-14,-20,-13
569,22,7,32,-67,-36,-5,9,4
570,62,13,22,21,13,27,59,37
571,-3,15,-55,1,3,-6,-21,-8
572,-33,1,85,41,11,-18,-90,-59
573,-96,-21,-61,20,9,-22,-72,-42
574,18,-3,49,-116,-45,-3,26,10
575,38,2,-40,50,36,25,25,32
576,0,-18,17,-3,26,15,49,20
577,27,-63,60,103,6,4,30,19
578,11,27,-2,39,11,4,-4,-6
579,23,22,-20,-34,11,25,50,26
580,-8,-19,-64,-51,-19,12,45,20
581,19,31,36,-31,-22,13,56,19
582,25,6,-97,102,35,-21,-28,-23
583,31,59,118,-63,-37,2,49,29
584,22,46,-64,-39,-13,-5,-1,15
585,3,-1,-46,-27,20,17,22,-4
586,-17,0,54,127,53,18,27,6
587,3,27,8,-26,-40,-11,-18,0
588,-8,-29,-9,115,59,38,87,38
589,10,7,24,6,-13,-14,-14,-13
590,6,15,47,-25,7,15,25,14
591,0,12,-56,64,37,23,-2,14
592,-43,9,116,-2,-31,-35,-50,-25
593,32,4,-96,-122,-49,-31,-45,11
594,-28,-7,-21,-1,-2,-9,-52,-46
595,-1,-4,-20,-53,-13,-19,-44,-12
596,52,6,10,-9,9,8,30,7
597,-25,-6,-90,3,12,13,49,12
598,13,0,-19,-48,-58,-81,-106,-66
599,-45,5,68,6,-35,-31,-64,-39
600,-10,5,-33,8,5,34,85,13
601,-5,-2,74,17,15,11,13,11
602,24,-5,-8,-15,-12,4,52,17
603,-13,-5,-28,-29,-19,9,65,19
604,-8,-6,79,-38,-26,-48,-99,-10
605,22,-2,31,-52,-2,20,5,7
606,-81,-4,-42,-67,-24,-5,-37,-50
607,79,-2,44,40,14,18,73,53
608,-8,-1,89,-25,19,8,16,14
609,11,0,-53,85,45,2,2,2
610,-3,2,9,-9,-37,-62,-90,-73
611,5,0,-45,-40,-47,-31,-23,-12
612,4,-4,31,81,20,17,24,28
613,44,-1,-14,-72,-4,10,20,20
614,16,-3,17,65,27,28,50,13
615,-34,2,-52,-24,-28,-67,-69,-78
616,-26,-2,-24,-46,-18,-12,21,-39
617,-21,-5,21,33,15,29,3,40
618,2,-1,-19,-20,-3,19,65,28
619,-7,-7,12,10,38,47,44,8
620,0,-3,-106,-42,-53,-89,-73,-87
621,-11,1,17,26,15,29,82,39
622,-18,-2,31,-24,-47,-59,-100,-57
623,17,-1,43,53,46,48,85,47
624,-16,0,18,-6,-17,-8,-20,-7
625,21,0,-82,-29,20,19,29,16
626,4,-4,-5,4,-11,-26,-11,-5
627,0,-6,14,61,43,0,-43,-35
628,19,1,-81,-30,-3,19,31,2
629,-18,-2,76,68,25,4,27,20
630,12,-1,12,33,27,9,18,17
631,25,1,58,38,30,43,85,56
632,-2,2,-47,-26,-5,29,91,58
633,19,-3,11,7,-1,14,73,23
634,7,0,-19,-7,-30,-24,10,5
635,22,-2,35,31,16,12,1,0
636,-23,-5,-62,-13,10,-3,-43,-26
637,2,5,29,47,3,9,11,17
638,4,-2,28,-12,-19,-17,-65,-16
639,-55,5,-26,-1,-6,17,50,-10
640,-10,-1,-31,-18,22,12,-13,-18
641,-2,-1,55,37,10,2,12,-1
642,-13,-2,-46,-3,-15,-15,-14,-14
643,11,-4,10,-16,-12,-2,-11,3
644,1,1,-31,-53,5,17,33,13
645,-13,-1,7,18,11,7,14,-5
646,39,1,32,-7,-6,-21,-26,-2
647,31,-10,4,7,9,9,-3,8
648,2,1,1,-31,-25,8,44,19
649,-10,-9,-7,1,-5,-16,-17,-13
650,-13,6,7,25,0,-7,-5,-8
651,4,-114,21,-13,-6,0,9,1
652,26,-30,0,6,0,8,16,5
653,-39,123,-15,-22,-20,-39,-58,-36
654,25,110,4,-6,-16,-14,-56,-22
655,-2,-2,-1,-7,4,-2,19,-6
656,-7,-73,36,38,17,9,3,1
657,2,-17,0,-25,-11,-1,-1,6
658,11,-28,-28,-38,-24,-4,-7,-12
659,-8,-25,21,-3,-2,-4,-3,3
660,0,-34,-2,8,3,-2,2,5
661,44,-15,-10,-11,-1,3,-3,5
662,-2,-30,-2,-13,-6,-5,-13,-3
663,5,-4,-11,1,-2,-7,2,-7
664,-50,-15,16,3,2,5,7,-2
665,-11,-36,-7,-8,-8,-5,4,-9
666,-29,-42,2,3,5,16,3,-3
667,-9,33,-7,55,25,17,7,4
668,-5,45,12,2,-4,-4,-1,-1
669,0,59,45,-16,-10,-6,-8,-2
670,5,7,2,-6,-5,1,-7,5
671,-16,-39,-11,-7,-3,-8,3,5
672,-5,-8,1,-4,0,11,11,-2
673,-9,11,-17,1,5,5,-3,-2
674,-2,-18,-43,-3,-1,-4,-7,-2
675,-6,1,-19,-15,-7,-5,-3,-9
676,-2,1,-4,2,3,9,5,-4
677,-2,-11,5,8,-2,-3,4,5
678,-1,2,5,-6,0,3,14,-5
679,-3,-52,-71,-13,-3,-4,-9,3
680,-2,11,17,-3,-4,-3,-11,-1
681,2,33,61,5,4,12,15,2
682,-6,-27,-58,-6,-1,-8,-11,-3
683,-2,-55,-44,7,-2,-9,-8,-1
684,0,-4,2,-5,-5,8,11,-4
685,1,19,-42,-6,-1,-3,5,2
686,0,45,58,3,-2,4,-14,-3
687,1,29,63,0,-1,-1,-5,1
688,-1,-1,4,4,1,0,-16,-5
689,7,14,24,-3,-1,0,-1,1
690,4,7,1,4,0,-7,-10,3
691,3,30,65,8,3,1,8,-2
692,-2,-11,-58,-5,-2,-1,-3,2
693,-2,-9,-7,-6,-3,-7,3,-8
694,-3,-10,-5,-10,-5,-13,-11,-7
695,-6,-11,-4,-2,-1,10,4,1
696,4,9,25,8,5,11,-5,-1
697,-10,-16,-21,-4,-5,-4,-2,-8
698,0,-3,-12,1,-1,-8,0,5
699,3,10,47,4,1,-4,-1,1
700,-3,-12,-44,-4,-3,-5,-5,2
701,40,1,31,4,1,4,9,18
702,71,26,24,4,3,-6,-6,7
703,-34,14,7,-4,-2,-6,-3,-6
704,12,-27,-15,6,2,3,-7,9
705,7,8,-17,0,3,5,4,1
706,-5,-1,-19,-3,-1,-24,-51,-6
707,17,-24,-61,-3,-2,10,13,-7
708,7,6,14,4,0,2,1,4
709,-3,-7,-9,-7,-7,-3,8,1
710,11,-1,34,1,-1,-13,-29,3
711,-9,-10,7,-14,-4,1,-2,-10
712,-16,-14,-31,4,7,2,-5,0
713,2,6,41,0,-2,-7,-1,6
714,-21,-2,-11,-11,-6,3,19,-1
715,18,4,32,1,-1,-5,-8,-4
716,-23,11,4,0,-6,-2,4,-7
717,-6,17,27,8,1,1,-4,5
718,13,-6,-12,1,2,-4,-23,5
719,-1,-5,5,-8,-4,-2,11,-1
720,14,-6,-36,-8,1,-4,-5,1
721,3,-6,4,4,-3,-6,-1,7
722,-11,-13,11,-14,-6,-2,-12,-5
723,13,22,-3,-7,-5,4,-4,-6
724,-13,-42,5,-18,-12,-2,59,20
725,5,38,23,-2,-2,-4,-25,-43
726,8,14,18,-2,1,4,-11,-6
727,3,-15,-2,10,0,-16,-32,2
728,-22,-8,-24,-20,-12,8,30,2
729,5,11,-3,3,0,-4,-13,1
730,-5,-13,12,-2,1,5,9,6
731,15,10,-2,1,0,6,13,13
732,17,33,23,-14,0,0,-6,-1
733,3,39,24,15,12,0,-4,6
734,-50,-84,-54,-9,-5,-6,-9,-19
735,23,22,25,15,8,7,8,10
736,-5,-20,-13,-2,-5,-5,-10,-3
737,-8,-2,-13,-5,-8,-3,-1,1
738,3,18,21,-9,-4,-4,-11,-9
739,7,0,3,5,6,8,13,6
740,2,-17,-31,-16,-13,-10,-15,2
741,-9,-18,7,20,15,10,12,-3
742,3,0,-21,-6,5,9,24,14
743,23,46,10,10,-3,1,1,5
744,-45,-88,-45,-27,-14,-5,-7,-10
745,-12,5,-6,-3,-5,-1,7,-8
746,-3,-10,3,4,3,-2,6,-3
747,16,11,8,-6,-3,-1,1,2
748,-2,-4,-19,-13,-9,-2,-13,-6
749,12,12,7,-5,-1,4,23,2
750,-3,27,40,7,-2,3,0,5
751,23,-4,-15,16,12,1,-19,0
752,-17,-14,16,-17,-12,-5,-9,-6
753,2,30,2,13,9,1,6,2
754,-1,-2,-4,-7,-9,-2,-1,3
755,-12,-2,1,-5,-5,-7,4,-9
756,9,13,6,-4,-5,-4,-1,-5
757,-10,-3,-5,-19,-5,-2,-32,-9
758,-17,3,-2,-5,-1,-3,-10,-6
759,-3,-5,5,15,9,11,36,-3
760,15,0,-40,-12,-2,1,-8,9
761,1,-6,-4,-8,-1,2,9,0
762,-16,-20,-16,-25,-19,-13,-37,-25
763,-9,-5,12,6,8,5,28,7
764,6,10,3,7,5,5,18,10
765,-7,-3,14,-4,2,-2,-14,-5
766,21,45,-14,-12,10,17,35,22
767,-38,-34,-28,14,-6,-28,-89,-55
768,-9,-14,24,5,1,7,4,0
769,12,-22,21,26,-1,-7,-17,-18
770,20,-5,-30,6,13,8,14,5
771,32,4,-5,29,8,7,50,19
772,27,-6,8,4,0,-2,21,0
773,-9,-5,-57,-4,-15,-19,-53,-39
774,42,5,2,-14,-10,5,37,40
775,25,-55,-71,5,32,8,4,17
776,71,-7,2,9,1,-2,12,15
777,12,46,13,-61,-10,39,96,41
778,-3,12,14,-16,8,7,31,6
779,29,8,27,-20,-22,17,59,16
780,-69,18,32,-39,-17,-3,-23,-4
781,-8,-16,-35,1,-11,-16,-43,-4
782,26,-20,21,18,19,25,61,21
783,26,12,-21,30,3,-17,-51,-1
784,36,24,39,28,-11,-11,-32,-13
785,-128,-56,-76,-6,17,-17,-69,-47
786,14,-1,5,-44,-20,-22,-16,-26
787,28,14,37,0,8,-7,-10,0
788,-36,-17,-40,-10,8,-1,20,2
789,-44,7,43,9,-17,-18,-39,-68
790,-8,12,9,-3,-6,1,0,10
791,12,-13,-11,-12,-11,-18,-54,-21
792,71,2,52,-29,-23,-13,20,12
793,-3,12,-40,19,5,10,13,16
794,-102,-29,-49,35,17,0,-21,-36
795,47,15,119,20,-6,14,64,27
796,-79,-44,-76,-45,-5,16,11,6
797,14,4,11,-1,21,-16,9,-21
798,50,43,12,7,5,-9,-49,-9
799,94,51,-11,-83,-20,14,44,57
800,-81,3,17,105,25,-11,-36,9
801,-54,-59,-76,-16,8,-18,-60,-34
802,-13,26,29,-49,-13,13,33,-2
803,54,-11,-8,31,27,39,93,36
804,-6,-22,-7,-63,-22,-4,-34,-19
805,-84,-17,-4,2,-26,-42,-76,-49
806,88,31,51,-69,-10,12,66,33
807,63,-23,41,-38,-14,4,42,9
808,-128,-27,-118,-26,18,-34,-65,-67
809,31,-65,53,-60,-39,-40,-81,-33
810,4,-48,70,45,22,13,-28,-20
811,39,72,-85,32,33,5,-3,0
812,-105,34,53,14,-14,-13,-32,-33
813,99,8,82,-23,-10,-16,-35,11
814,24,115,43,-9,-36,-42,-87,-61
815,-28,-15,1,-11,-8,18,72,10
816,80,-34,-80,-104,-44,-11,28,14
817,-36,-30,65,-11,20,11,14,10
818,-42,9,19,-84,-11,4,-37,-35
819,24,-13,24,-4,14,40,110,75
820,57,-25,27,41,2,-14,-88,-48
821,-30,13,22,-52,-34,-32,-14,24
822,99,14,-2,-44,-38,-18,-13,13
823,23,8,-8,-70,-42,-28,-32,-58
824,-128,2,-20,62,-16,-36,-96,-24
825,-88,-7,22,0,55,-6,-51,-53
826,88,-4,-59,21,41,19,38,34
827,34,-3,46,43,-19,-9,6,-9
828,51,-7,-65,-29,-12,22,122,92
829,-128,-3,68,-42,-7,-4,-22,-30
830,-62,5,-38,100,33,19,90,23
831,86,-2,30,1,16,-4,-2,39
832,-74,-1,-39,4,12,25,35,-11
833,23,-10,45,-17,17,17,12,16
834,-11,-2,38,25,-19,5,30,10
835,68,-1,7,46,14,-6,-2,35
836,93,-2,78,-22,-28,10,-8,3
837,-123,5,-7,-14,0,1,-22,-67
838,-109,1,35,15,0,-7,-19,-32
839,97,-1,6,-16,-12,44,120,63
840,-128,3,-6,-31,-27,-36,-7,-29
841,-42,-1,-18,-9,-6,-17,-35,-45
842,75,6,63,67,34,1,-22,19
843,41,3,81,67,-20,-20,-34,-19
844,-6,-1,47,-48,3,3,20,-7
845,32,2,-66,-37,-5,3,38,23
846,-19,-2,-46,4,5,-6,20,-35
847,-51,-3,-28,-40,-10,0,14,15
848,-17,-2,83,89,47,20,-4,3
849,64,-2,-20,25,26,11,3,26
850,0,-3,19,-52,-15,-12,-24,-12
851,-83,-1,-49,-34,-6,0,-33,4
852,6,2,-12,1,-5,0,-24,-7
853,-45,1,-20,-32,-11,19,46,12
854,127,27,22,-10,7,-1,33,31
855,-9,21,52,64,5,-4,-5,-12
856,26,116,3,-14,-7,-1,21,13
857,-6,-14,-20,4,-5,-5,-48,-34
858,-70,-11,-28,-14,-11,-19,-57,-60
859,-15,11,-29,-6,7,-1,-6,-9
860,-7,-79,-25,13,18,2,-6,0
861,20,-51,-8,-5,-2,-6,-9,-1
862,-18,-48,14,0,3,4,20,18
863,33,-27,-7,-8,-11,5,8,3
864,18,11,2,1,11,14,32,18
865,-12,-74,-18,25,32,8,-7,-8
866,-23,-40,5,7,4,0,-12,-9
867,-9,-97,-23,-22,-13,-26,-24,-15
868,2,-48,-4,-20,-14,-7,-39,-20
869,-8,79,-1,5,-4,2,10,8
870,-9,57,10,25,3,3,16,4
871,36,29,-2,-7,-13,-4,-13,-12
872,-29,-8,-8,1,-11,-43,-22,-11
873,35,1,1,-2,-2,30,3,-3
874,-25,4,-2,-1,-7,-21,-9,-4
875,41,-9,-7,-8,-9,-6,-21,-7
876,-46,7,-6,-18,-2,10,0,1
877,-8,17,12,14,2,-6,11,5
878,13,-4,-5,10,8,11,16,6
879,2,-6,0,0,-4,-5,-10,-2
880,5,8,-5,-34,-13,-5,4,5
881,-3,2,-16,10,13,1,1,0
882,0,-12,-6,-2,1,5,3,-2
883,-11,-9,-9,-24,-14,-6,-4,2
884,-14,-12,-5,-1,0,14,1,-11
885,-4,-9,-1,12,10,7,-4,-3
886,12,-6,11,19,17,2,-3,4
887,8,4,5,32,13,-8,0,3
888,-8,1,-3,-3,1,10,0,-2
889,-1,-12,-10,-11,-8,-5,-3,-2
890,-2,-1,-8,-10,-8,-3,0,2
891,3,0,7,15,6,1,0,0
892,4,-3,-13,-11,-6,-3,-2,0
893,5,7,2,7,8,4,2,3
894,-7,-7,-2,-2,-4,-4,1,-3
895,6,3,2,0,-3,-3,-3,0
896,-1,-2,-8,-10,-3,9,1,-1
897,2,2,2,16,5,5,-1,-1
898,-3,3,-5,-24,-12,-3,0,-1
899,-3,-1,5,-1,5,1,-3,-2
900,-1,-9,-4,18,4,1,-1,0
901,-2,-4,-1,-4,-3,-7,-1,-2
902,-3,-4,-10,-16,-8,-1,-2,-1
903,-2,-1,-4,-1,-2,0,0,0
904,0,-2,1,5,-1,-2,-1,0
905,-1,2,0,0,0,-1,-1,0
906,0,-5,7,8,3,2,0,0
907,3,0,-1,-7,-3,-2,-2,1
908,-3,1,3,11,5,5,2,0
909,-1,5,-3,-8,-5,-4,-4,-1
910,1,-2,-4,-6,-1,0,-2,0
911,1,1,4,0,-1,-5,-2,-1
912,0,0,-1,-1,-1,5,-1,0
913,1,-3,-3,2,-2,-1,-1,0
914,-2,-1,1,1,0,-1,1,-2
915,-3,-2,-2,0,-1,-2,-1,-4
916,-3,-1,0,-4,-4,3,0,-1
917,2,-1,-1,4,1,-1,-1,0
918,0,-1,-4,-1,0,0,-1,-2
919,-3,-5,-2,-3,-1,-2,-2,-1
920,0,3,-3,0,-3,-2,-2,-1
921,0,0,-11,-3,-3,-2,0,2
922,0,4,13,11,2,-1,-1,1
923,0,0,2,-7,-3,0,1,-2
924,2,0,-4,-3,-2,-2,-1,2
925,1,3,11,2,1,-2,0,-4
926,-2,-3,-1,2,0,1,0,0
927,0,2,3,0,0,0,-1,0
928,0,-1,4,2,1,0,-1,-1
929,-2,-2,4,10,8,2,0,1
930,-1,0,1,-2,-4,-1,-1,-1
931,-1,0,-5,-4,-2,0,-3,-2
932,-2,-4,-5,-2,0,-2,0,-1
933,2,-3,-1,-1,-4,-3,-1,0
934,0,-2,0,-2,2,1,-1,0
935,0,-2,-4,-4,-3,-3,1,1
936,0,0,-1,2,5,2,-1,0
937,0,-1,-1,-7,-1,1,-1,-1
938,-1,0,-5,6,2,0,0,-2
939,-2,-3,-8,-4,-2,-1,-2,-2
940,-5,0,3,0,-4,-3,-3,-4
941,1,-2,-2,5,2,-2,-1,-4
942,-1,2,-1,-2,-2,-2,-1,0
943,-3,-2,-2,-2,-2,0,-1,1
944,-1,3,-5,5,-1,-1,1,0
945,1,-1,0,-4,1,1,-1,-1
946,-8,-4,11,10,4,2,0,-3
947,-1,-2,-11,-6,-4,-3,0,1
948,2,10,-1,1,1,-1,-2,1
949,-3,-7,3,-7,-6,-2,-2,-1
950,0,0,-4,2,-1,0,-5,0
951,4,-8,-13,-1,0,-2,-2,1
952,-3,1,3,-1,-5,-2,1,-4
953,-1,-5,1,12,4,0,1,2
954,-5,-3,2,12,5,-2,-1,-2
955,1,2,4,5,3,0,3,0
956,1,-1,-6,-13,-5,-4,-5,0
957,-9,3,4,1,-1,-1,-5,-3
958,1,-1,7,7,0,-2,0,-1
959,0,1,-5,-2,-1,1,2,0
960,1,8,8,6,-1,1,0,3
961,5,-7,-3,-7,-3,0,-2,1
962,-1,1,-3,5,-1,-1,-4,-2
963,-3,-1,-3,-7,-4,-2,0,-2
964,-4,-8,-5,3,0,-1,-5,0
965,-1,0,-1,-2,0,-1,-1,-1
966,-5,-3,0,0,-1,-2,-3,-5
967,3,-3,0,6,2,-1,0,1
968,-9,0,0,-1,-3,0,-2,-5
969,-2,1,-8,-6,-4,-2,0,0
970,2,2,-8,-4,1,1,1,1
971,-1,-3,-2,-8,-7,-4,-2,-3
972,3,-1,11,5,-1,-2,0,0
973,2,3,4,-5,-4,-2,-1,-1
974,-3,-2,-4,1,-1,-1,-3,-2
975,-1,1,-4,-5,-2,-1,0,-2
976,-2,-3,-2,-6,-2,0,-2,-2
977,-3,-3,-5,7,5,0,-3,-3
978,0,-2,4,-4,-3,-3,-2,-1
979,-5,0,4,0,0,-2,-2,0
980,1,0,3,-3,-1,-2,0,1
981,-10,-1,0,-1,0,0,0,-4
982,-5,3,0,3,2,-2,2,-2
983,1,3,-13,0,0,2,7,5
984,4,0,3,-1,-3,-2,-6,-3
985,-8,-7,17,-2,-5,-9,-18,-8
986,-11,-2,3,2,1,3,12,2
987,-2,8,-11,-2,-3,4,4,-1
988,12,-1,0,-11,-9,-4,-17,5
989,-7,-2,-4,-7,-4,-11,-12,-15
990,-9,0,8,4,-2,0,8,6
991,11,16,-6,3,4,7,17,6
992,0,-18,-7,-4,-3,0,-21,-4
993,-4,0,-1,-11,-3,-9,-15,-7
994,-14,-3,-6,-13,-16,-17,-36,-21
995,-8,7,33,23,4,-2,9,1
996,9,10,-8,-11,-1,7,16,14
997,7,3,-16,-19,6,7,9,2
998,13,-8,-17,-28,-8,-3,5,5
999,-31,-1,17,64,25,2,-18,-10
1000,-4,-3,19,8,0,-3,3,1
1001,-4,-4,-15,30,10,7,12,8
1002,12,12,29,-8,-5,3,12,6
1003,7,9,-24,-41,-19,-2,2,3
1004,2,-32,-2,6,4,-1,14,-5
1005,-6,-6,-8,16,7,3,3,-1
1006,-17,7,-2,8,6,8,22,2
1007,12,-15,-6,-9,-8,-9,-36,-4
1008,-6,-13,-1,-10,-10,-15,-37,-11
1009,-18,18,12,-10,-16,-18,-30,-19
1010,5,-3,-9,-5,-6,-14,-33,-4
1011,-22,5,-3,-8,-4,7,3,-13
1012,4,4,7,15,12,16,40,13
1013,21,1,4,-35,-6,1,-3,3
1014,-5,-11,13,27,6,4,9,5
1015,5,3,2,-8,-2,-4,2,0
1016,16,-3,-21,17,-5,-13,-29,0
1017,23,26,40,36,13,5,11,8
1018,-25,-14,24,14,-3,-13,-35,-16
1019,-37,-42,-33,4,15,0,-35,-30
1020,10,34,-50,12,0,24,60,33
1021,-46,-26,22,1,7,2,3,-33
1022,15,-1,19,-13,-21,-7,-16,0
1023,-70,3,33,-16,-4,-13,-50,-32
1024,87,38,49,3,17,17,51,31
1025,18,-31,-102,-14,20,15,44,16
1026,-38,24,11,-28,-15,-13,-30,-24
1027,44,44,7,15,1,17,50,34
1028,-64,-29,-57,18,16,-6,-10,-29
1029,-7,18,34,-40,-30,3,16,-6
1030,-65,7,-63,-23,-21,-23,-47,-38
1031,127,-8,19,6,8,0,10,39
1032,41,14,19,-4,0,18,64,44
1033,34,-15,25,19,-3,-16,9,18
1034,-13,-9,-62,77,26,15,1,0
1035,-2,-8,-59,39,20,-3,-9,8
1036,-13,0,-24,-63,-8,-4,-24,-12
1037,-36,19,26,36,0,-54,-113,-43
1038,-17,-13,34,-36,-21,6,20,10
1039,33,20,25,0,-24,-47,-101,-30
1040,27,20,57,-10,-9,8,15,7
1041,-3,6,2,25,-5,4,11,4
1042,-42,-46,-9,-14,-2,-2,3,-9
1043,4,6,33,-27,-40,-58,-51,-25
1044,13,6,-8,-34,-14,-14,-3,-20
1045,-78,-14,-9,1,6,7,22,6
1046,-15,-4,-14,-19,-1,12,46,14
1047,37,35,51,52,13,5,-6,3
1048,25,-17,-58,-47,14,1,14,8
1049,-17,-19,-11,61,21,6,5,-4
1050,-26,32,9,-25,-17,-22,-24,-6
1051,12,1,-27,-82,-19,-5,-36,-12
1052,79,12,79,92,44,55,109,54
1053,-55,-45,-108,-30,-17,-25,-19,-18
1054,4,9,-2,57,38,23,56,21
1055,63,-3,95,-24,-20,29,105,86
1056,-67,-17,-59,51,54,36,-12,-35
1057,44,39,-4,50,49,27,37,58
1058,-8,3,65,-28,-36,-17,93,45
1059,-9,-2,-83,6,-15,-66,-128,-120
1060,117,5,122,-91,-36,18,35,73
1061,-33,-37,-109,-59,-8,-10,-39,-32
1062,97,52,127,5,-13,17,81,61
1063,-116,-78,-59,2,-15,-17,-52,-64
1064,-9,-1,94,-17,-29,-5,-7,-41
1065,-20,67,-104,-46,30,51,93,53
1066,52,72,73,7,7,-13,-63,8
1067,-42,-117,69,22,-10,-11,-25,-36
1068,-63,-10,-105,72,41,17,7,-1
1069,23,-106,90,-3,-21,24,44,36
1070,-28,-11,-37,41,24,10,22,8
1071,-6,-55,41,9,-14,-1,-26,-21
1072,37,14,-2,12,13,29,86,44
1073,-16,-42,-10,-20,-20,19,47,61
1074,-128,60,47,70,19,-38,-71,-72
1075,6,31,22,63,14,-19,-28,-33
1076,34,7,43,62,57,13,-17,-6
1077,-55,-28,-6,-50,-30,-12,-8,-24
1078,-9,54,-19,-50,-24,-17,-74,-52
1079,-92,-6,-91,-110,-11,-7,1,-9
1080,-14,-37,-47,3,-3,-14,-27,-13
1081,34,-106,92,-34,-28,19,88,40
1082,35,61,-63,81,10,-4,-26,20
1083,-52,47,16,-26,-47,-70,-96,-60
1084,-3,-11,-30,-34,-16,-11,18,-14
1085,48,-21,-4,32,23,20,38,26
1086,59,-23,52,-26,-18,20,31,21
1087,-80,-34,-23,-35,-35,-8,-26,-51
1088,33,22,-40,10,7,3,-25,-18
1089,-25,-2,3,5,-20,-39,-82,-34
1090,23,-2,28,-13,-8,-14,-21,2
1091,83,-33,-45,-24,-5,25,62,63
1092,-27,22,32,-7,-24,-48,-101,-60
1093,23,77,-16,-22,-10,-26,-35,-23
1094,60,-43,26,5,-2,9,23,19
1095,-86,22,-33,-13,-4,-12,-44,-48
1096,-1,22,8,18,-3,-8,36,27
1097,16,-1,-9,-20,-14,-7,-14,3
1098,63,-29,13,-33,-6,21,54,29
1099,7,-5,-20,52,23,-12,-43,-2
1100,30,0,22,-26,-18,-1,10,-7
1101,-33,-27,-15,-37,8,-1,-16,-6
1102,15,27,-7,95,52,13,3,5
1103,-22,10,-37,-24,2,6,21,16
1104,14,-32,6,18,17,1,-2,7
1105,17,-3,-13,-21,-46,-5,13,-7
1106,-32,-3,-13,-4,11,4,-3,-27
1107,-66,-24,0,43,20,-1,-17,-24
1108,9,-74,-5,-15,-15,-9,-3,1
1109,-5,-60,18,-15,10,24,56,36
1110,8,-21,-6,-33,-30,-14,-28,-39
1111,78,60,-14,-8,-10,-24,-19,16
1112,14,27,6,-8,-9,-4,-54,-19
1113,-15,16,2,15,12,-10,-34,-11
1114,13,61,19,-32,-29,-8,-2,17
1115,8,66,0,-4,4,0,9,3
1116,33,27,21,16,17,5,23,21
1117,9,1,-20,-22,-5,-1,-31,-14
1118,-40,-23,16,13,6,-6,26,4
1119,48,-30,-6,-11,-15,2,-11,17
1120,-14,39,3,17,16,7,3,-9
1121,-15,10,20,-7,-3,0,12,4
1122,32,-64,-8,18,13,13,22,13
1123,52,-19,7,15,14,9,21,25
1124,-3,-25,9,9,-16,-4,-12,-9
1125,-13,-14,7,-4,-16,-9,-61,-33
1126,-61,12,-6,-7,-7,-20,-14,-14
1127,50,8,16,-39,-12,-8,7,16
1128,-22,-1,20,23,11,12,15,-8
1129,-28,10,-18,32,18,3,11,-1
1130,-2,-10,0,-19,-15,-4,3,-8
1131,-56,5,3,1,-6,-9,-5,-11
1132,12,24,-5,9,5,-16,29,22
1133,19,8,-7,8,-7,-6,6,9
1134,3,13,17,-29,-22,-4,-49,-25
1135,-6,11,-23,52,48,24,11,5
1136,-12,-2,3,7,-2,-5,1,-10
1137,7,-1,8,-24,-19,-13,-10,-7
1138,24,0,8,6,-3,-3,-14,-2
1139,0,-10,5,-13,-10,-26,-11,-11
1140,28,22,9,-10,-6,12,20,17
1141,-51,-6,-14,-2,8,-1,-13,-26
1142,-5,10,-4,-54,-20,-3,-6,0
1143,-5,2,-3,22,13,13,4,5
1144,7,-12,15,47,26,11,5,-2
1145,9,-3,-10,-24,-9,-5,-9,1
1146,-8,0,-5,-22,-15,5,-11,-3
1147,15,-5,3,2,2,-3,3,0
1148,2,-8,-2,5,-1,-1,24,-5
1149,5,0,-7,-3,1,-5,-13,-1
1150,3,4,4,0,1,-1,-8,4
1151,-10,-3,9,5,-2,0,-5,-5
1152,-6,-2,-1,-9,-5,-7,-7,-3
1153,-9,3,1,-1,0,-2,-2,0
1154,3,-4,-2,5,-2,-8,1,1
1155,-3,2,-2,5,1,1,-2,-1
1156,-1,-1,-2,0,0,0,-5,-1
1157,-1,-2,-2,0,-1,3,-2,-1
1158,1,6,-1,-2,3,2,-1,-1
1159,-2,-4,-8,6,0,2,-4,0
1160,2,3,12,-1,-2,2,0,3
1161,-5,-8,-26,-5,-2,-1,-4,-3
1162,-1,6,5,5,1,-2,-2,-1
1163,-1,-5,-4,-1,-2,1,-1,0
1164,-4,-7,2,-2,-1,-2,2,-3
1165,-3,-3,-8,-9,-2,0,-3,-2
1166,1,2,-2,3,4,-2,-1,1
1167,0,1,3,0,-1,1,-1,-1
1168,-3,-8,-8,-4,-2,-1,1,-1
1169,-1,-8,-17,0,0,1,-3,-1
1170,1,-3,-4,5,2,-2,2,0
1171,-3,7,-7,-4,-3,-3,-1,-1
1172,-6,-11,6,-7,-3,-3,-3,-3
1173,5,3,3,-1,1,0,1,2
1174,-2,2,1,1,-1,-2,-2,-2
1175,-2,1,-3,-4,-1,0,3,-1
1176,1,-4,-12,-2,0,-10,-21,2
1177,2,5,15,-5,-1,-2,4,7
1178,4,1,18,-5,-3,-10,-22,-12
